<?xml version="1.0" encoding="UTF-8"?>
<project-private xmlns="http://www.netbeans.org/ns/project-private/1">
    <editor-bookmarks xmlns="http://www.netbeans.org/ns/editor-bookmarks/2" lastBookmarkId="0"/>
    <open-files xmlns="http://www.netbeans.org/ns/projectui-open-files/2">
        <group>
            <file>file:/M:/Java%20Projects/bNotified/src/Gui/ON.png</file>
            <file>file:/M:/Java%20Projects/bNotified/src/Gui/createAccount.java</file>
            <file>file:/M:/Java%20Projects/bNotified/src/Gui/ReadMessages.java</file>
            <file>file:/M:/Java%20Projects/bNotified/src/Gui/SmsInterface.java</file>
            <file>file:/M:/Java%20Projects/bNotified/src/Gui/Login.java</file>
        </group>
    </open-files>
</project-private>
